Workbook

Sheet README
A1: Landora LLM cost model
A2: Draft 0.1, 2026-10-28. Answers V11 §14.2 'LLM cost-per-active-user model' and feeds the §12.14 commercial-readiness gate.
A4: How to use
A5: 1. Change only blue cells on the Inputs and Prices sheets. Yellow cells are the key assumptions to validate first.
A6: 2. Model shows monthly cost and cost per weekly active buyer (WAB) for Low / Base / High pilot volumes.
A7: 3. Model choice compares the concierge lane on each Claude model at Base volume.
A8: 4. After the build-semester benchmark and UAT, replace token assumptions with measured averages from the router logs (ADR 0006).
A10: Structure (ADR 0006 two-lane design)
A11: Search lane: a small model turns plain English into criteria; results come from the database, so cost is per parse, not per result.
A12: Concierge lane: metered conversational turns grounded in retrieved listings and rule results.
A13: FHB eligibility uses the rules engine and has no LLM cost.
A15: Sources
... A20: Blue text = input you can change. Black = formula. Green = link from another sheet. Yellow fill = key assumption.

Sheet Prices
A1: Model | B1: API model ID | C1: Input (USD/M tokens) | D1: Output (USD/M tokens) | E1: Cache read (USD/M tokens) | F1: Note
A2: Haiku 5.5 | B2: claude-haiku-5-5 | C2: 0.1 | D2: 0.5 | E2: 0.01 | F2: Prompts up to 100K tokens. Cache read assumed at 10% of input (not in cached price table; confirm).
A3: Sonnet 5.5 | B3: claude-sonnet-5-5 | C3: 2 | D3: 10 | E3: 0.2
A4: Opus 5.5 | B4: claude-opus-5-5 | C4: 4 | D4: 20 | E4: 0.2
A6: Source: Anthropic API list prices (first-party), as cached 2026-10-06. Batch API is 50% off but not used: both lanes are interactive.

Sheet Inputs
A1: Assumption | B1: Low | C1: Base | D1: High | E1: Unit | F1: Source / note
A2: Weekly active buyers (WAB) | B2: 3000 | C2: 6000 | D2: 10000 | E2: people | F2: pilot-sizing.md: 3,000 to 10,000 across the pilot
A3: Searches per WAB per week | B3: 15 | C3: 15 | D3: 15 | E3: searches | F3: pilot-sizing.md
A4: Share of searches sent to the LLM parser | B4: 0.6 | C4: 0.6 | D4: 0.6 | E4: % | F4: Rest served by the query cache or the rule-based parser (assumption)
A5: Concierge turns per WAB per week | B5: 2 | C5: 3 | D5: 5 | E5: turns | F5: pilot-sizing.md uses ~3; capped by tier allowances
A6: Weeks per month | B6: 4.33 | C6: 4.33 | D6: 4.33 | E6: weeks | F6: 52 / 12
A7: USD to AUD exchange rate | B7: 1.5 | E7: AUD per USD | F7: Assumption; update for the capital plan
A8: Contingency (retries, evals, staff and dev use) | B8: 0.2 | E8: % | F8: Assumption
A9: Cache write price multiplier | B9: 1.25 | E9: x input price | F9: Assumption for 5-minute cache writes; confirm on pricing page
A10: Search intent parse (per call)
A11: Model | B11: Haiku 5.5 | F11: Must match a name on Prices
A12: Cached prefix tokens (instructions, criteria schema, suburb list) | B12: 1000 | E12: tokens | F12: Assumption
A13: Uncached input tokens (the search text) | B13: 200 | E13: tokens | F13: Assumption
A14: Output tokens (structured criteria) | B14: 150 | E14: tokens | F14: Assumption
A15: Prefix cache hit rate | B15: 0.9 | E15: % | F15: High traffic keeps the cache warm (assumption)
A16: Concierge turn (per turn)
A17: Model | B17: Sonnet 5.5 | F17: Must match a name on Prices
A18: Cached prefix tokens (instructions, tools, rule summaries) | B18: 3000 | E18: tokens | F18: Assumption
A19: Uncached input tokens (retrieved listings, history, question) | B19: 6000 | E19: tokens | F19: Assumption; grows with conversation length
A20: Output tokens incl. thinking | B20: 900 | E20: tokens | F20: Assumption at low effort
A21: Prefix cache hit rate | B21: 0.8 | E21: % | F21: Assumption
A22: Listing embeddings (semantic search)
A23: Listings embedded per month (new and changed) | B23: 3000 | E23: listings | F23: Assumption: ~2,000 active listings, frequent edits
A24: Tokens per listing | B24: 600 | E24: tokens | F24: Assumption
A25: Embedding price | B25: 0.02 | E25: USD per M tokens | F25: Placeholder: embedding provider not chosen (Anthropic has no embeddings endpoint)

Sheet Model
A1: Monthly cost | B1: Low | C1: Base | D1: High
A2: Weekly active buyers | B2: =Inputs!B2 -> 3000 | C2: =Inputs!C2 -> 6000 | D2: =Inputs!D2 -> 10000
A3: Searches per month | B3: =B2*Inputs!B3*Inputs!B6 -> 194850 | C3: =C2*Inputs!C3*Inputs!C6 -> 389700 | D3: =D2*Inputs!D3*Inputs!D6 -> 649500
A4: LLM parses per month | B4: =B3*Inputs!B4 -> 116910 | C4: =C3*Inputs!C4 -> 233820 | D4: =D3*Inputs!D4 -> 389700
A5: Cost per parse (USD) | B5: =(Inputs!$B$12*(Inputs!$B$15*INDEX(Prices!$E$2:$E$4,MATCH(Inputs!$B$11,Prices!$A$2:$A$4,0))+(1-Inputs!$B$15)*INDEX(Prices!$C$2:$C$4,MATCH(Inputs!$B$11,Prices!$A$2:$A$4,0))*Inputs!$B$9)+Inputs!$B$13*INDEX(Prices!$C$2:$C$4,MATCH(Inputs!$B$11,Prices!$A$2:$A$4,0))+Inputs!$B$14*INDEX(Prices!$D$2:$D$4,MATCH(Inputs!$B$11,Prices!$A$2:$A$4,0)))/1000000 -> 0.0001165 | C5: =(Inputs!$B$12*(Inputs!$B$15*INDEX(Prices!$E$2:$E$4,MATCH(Inputs!$B$11,Prices!$A$2:$A$4,0))+(1-Inputs!$B$15)*INDEX(Prices!$C$2:$C$4,MATCH(Inputs!$B$11,Prices!$A$2:$A$4,0))*Inputs!$B$9)+Inputs!$B$13*INDEX(Prices!$C$2:$C$4,MATCH(Inputs!$B$11,Prices!$A$2:$A$4,0))+Inputs!$B$14*INDEX(Prices!$D$2:$D$4,MATCH(Inputs!$B$11,Prices!$A$2:$A$4,0)))/1000000 -> 0.0001165 | D5: =(Inputs!$B$12*(Inputs!$B$15*INDEX(Prices!$E$2:$E$4,MATCH(Inputs!$B$11,Prices!$A$2:$A$4,0))+(1-Inputs!$B$15)*INDEX(Prices!$C$2:$C$4,MATCH(Inputs!$B$11,Prices!$A$2:$A$4,0))*Inputs!$B$9)+Inputs!$B$13*INDEX(Prices!$C$2:$C$4,MATCH(Inputs!$B$11,Prices!$A$2:$A$4,0))+Inputs!$B$14*INDEX(Prices!$D$2:$D$4,MATCH(Inputs!$B$11,Prices!$A$2:$A$4,0)))/1000000 -> 0.0001165
A6: Search lane (USD) | B6: =B4*B5 -> 13.620015 | C6: =C4*C5 -> 27.24003 | D6: =D4*D5 -> 45.40005
A7: Concierge turns per month | B7: =B2*Inputs!B5*Inputs!B6 -> 25980 | C7: =C2*Inputs!C5*Inputs!C6 -> 77940 | D7: =D2*Inputs!D5*Inputs!D6 -> 216500
A8: Cost per concierge turn (USD) | B8: =(Inputs!$B$18*(Inputs!$B$21*INDEX(Prices!$E$2:$E$4,MATCH(Inputs!$B$17,Prices!$A$2:$A$4,0))+(1-Inputs!$B$21)*INDEX(Prices!$C$2:$C$4,MATCH(Inputs!$B$17,Prices!$A$2:$A$4,0))*Inputs!$B$9)+Inputs!$B$19*INDEX(Prices!$C$2:$C$4,MATCH(Inputs!$B$17,Prices!$A$2:$A$4,0))+Inputs!$B$20*INDEX(Prices!$D$2:$D$4,MATCH(Inputs!$B$17,Prices!$A$2:$A$4,0)))/1000000 -> 0.02298 | C8: =(Inputs!$B$18*(Inputs!$B$21*INDEX(Prices!$E$2:$E$4,MATCH(Inputs!$B$17,Prices!$A$2:$A$4,0))+(1-Inputs!$B$21)*INDEX(Prices!$C$2:$C$4,MATCH(Inputs!$B$17,Prices!$A$2:$A$4,0))*Inputs!$B$9)+Inputs!$B$19*INDEX(Prices!$C$2:$C$4,MATCH(Inputs!$B$17,Prices!$A$2:$A$4,0))+Inputs!$B$20*INDEX(Prices!$D$2:$D$4,MATCH(Inputs!$B$17,Prices!$A$2:$A$4,0)))/1000000 -> 0.02298 | D8: =(Inputs!$B$18*(Inputs!$B$21*INDEX(Prices!$E$2:$E$4,MATCH(Inputs!$B$17,Prices!$A$2:$A$4,0))+(1-Inputs!$B$21)*INDEX(Prices!$C$2:$C$4,MATCH(Inputs!$B$17,Prices!$A$2:$A$4,0))*Inputs!$B$9)+Inputs!$B$19*INDEX(Prices!$C$2:$C$4,MATCH(Inputs!$B$17,Prices!$A$2:$A$4,0))+Inputs!$B$20*INDEX(Prices!$D$2:$D$4,MATCH(Inputs!$B$17,Prices!$A$2:$A$4,0)))/1000000 -> 0.02298
A9: Concierge lane (USD) | B9: =B7*B8 -> 597.0204 | C9: =C7*C8 -> 1791.0612 | D9: =D7*D8 -> 4975.17
A10: Embeddings (USD) | B10: =Inputs!$B$23*Inputs!$B$24*Inputs!$B$25/1000000 -> 0.036 | C10: =Inputs!$B$23*Inputs!$B$24*Inputs!$B$25/1000000 -> 0.036 | D10: =Inputs!$B$23*Inputs!$B$24*Inputs!$B$25/1000000 -> 0.036
A11: Subtotal (USD) | B11: =B6+B9+B10 -> 610.67642 | C11: =C6+C9+C10 -> 1818.3372 | D11: =D6+D9+D10 -> 5020.6061
A12: Contingency (USD) | B12: =B11*Inputs!$B$8 -> 122.13528 | C12: =C11*Inputs!$B$8 -> 363.66745 | D12: =D11*Inputs!$B$8 -> 1004.1212
A13: Total per month (USD) | B13: =B11+B12 -> 732.8117 | C13: =C11+C12 -> 2182.0047 | D13: =D11+D12 -> 6024.7273
A14: Total per month (AUD) | B14: =B13*Inputs!$B$7 -> 1099.2175 | C14: =C13*Inputs!$B$7 -> 3273.007 | D14: =D13*Inputs!$B$7 -> 9037.0909
A15: Cost per WAB per month (AUD) | B15: =IF(B2=0,0,B14/B2) -> 0.36640585 | C15: =IF(C2=0,0,C14/C2) -> 0.54550117 | D15: =IF(D2=0,0,D14/D2) -> 0.90370909
A16: Cost per WAB per year (AUD) | B16: =B15*12 -> 4.3968702 | C16: =C15*12 -> 6.546014 | D16: =D15*12 -> 10.844509
A17: 18-month total for capital plan (AUD) | B17: =B14*18 -> 19785.916 | C17: =C14*18 -> 58914.126 | D17: =D14*18 -> 162667.64
A18: Concierge share of LLM cost | B18: =IF(B11=0,0,B9/B11) -> 0.97763789 | C18: =IF(C11=0,0,C9/C11) -> 0.98499947 | D18: =IF(D11=0,0,D9/D11) -> 0.99095009
A20: 18-month total assumes volume stays at the scenario level from launch; ramp-up would lower it.

Sheet Model choice
A1: Concierge model | B1: Cost per turn (USD) | C1: Concierge lane at Base volume (AUD/month, incl. contingency) | D1: Concierge cost per WAB per month (AUD)
A2: =Prices!A2 -> Haiku 5.5 | B2: =(Inputs!$B$18*(Inputs!$B$21*INDEX(Prices!$E$2:$E$4,MATCH(A2,Prices!$A$2:$A$4,0))+(1-Inputs!$B$21)*INDEX(Prices!$C$2:$C$4,MATCH(A2,Prices!$A$2:$A$4,0))*Inputs!$B$9)+Inputs!$B$19*INDEX(Prices!$C$2:$C$4,MATCH(A2,Prices!$A$2:$A$4,0))+Inputs!$B$20*INDEX(Prices!$D$2:$D$4,MATCH(A2,Prices!$A$2:$A$4,0)))/1000000 -> 0.001149 | C2: =B2*Model!$C$7*Inputs!$B$7*(1+Inputs!$B$8) -> 161.19551 | D2: =IF(Model!$C$2=0,0,C2/Model!$C$2) -> 0.026865918
A3: =Prices!A3 -> Sonnet 5.5 | B3: =(Inputs!$B$18*(Inputs!$B$21*INDEX(Prices!$E$2:$E$4,MATCH(A3,Prices!$A$2:$A$4,0))+(1-Inputs!$B$21)*INDEX(Prices!$C$2:$C$4,MATCH(A3,Prices!$A$2:$A$4,0))*Inputs!$B$9)+Inputs!$B$19*INDEX(Prices!$C$2:$C$4,MATCH(A3,Prices!$A$2:$A$4,0))+Inputs!$B$20*INDEX(Prices!$D$2:$D$4,MATCH(A3,Prices!$A$2:$A$4,0)))/1000000 -> 0.02298 | C3: =B3*Model!$C$7*Inputs!$B$7*(1+Inputs!$B$8) -> 3223.9102 | D3: =IF(Model!$C$2=0,0,C3/Model!$C$2) -> 0.53731836
A4: =Prices!A4 -> Opus 5.5 | B4: =(Inputs!$B$18*(Inputs!$B$21*INDEX(Prices!$E$2:$E$4,MATCH(A4,Prices!$A$2:$A$4,0))+(1-Inputs!$B$21)*INDEX(Prices!$C$2:$C$4,MATCH(A4,Prices!$A$2:$A$4,0))*Inputs!$B$9)+Inputs!$B$19*INDEX(Prices!$C$2:$C$4,MATCH(A4,Prices!$A$2:$A$4,0))+Inputs!$B$20*INDEX(Prices!$D$2:$D$4,MATCH(A4,Prices!$A$2:$A$4,0)))/1000000 -> 0.04548 | C4: =B4*Model!$C$7*Inputs!$B$7*(1+Inputs!$B$8) -> 6380.4802 | D4: =IF(Model!$C$2=0,0,C4/Model!$C$2) -> 1.0634134
A6: Choose by benchmark result, not price alone: the cheapest model that meets the approved thresholds (docs/ai/benchmark.md).
